Workbook

Sheet data
D1: OUTER (in) | G1: INNER (in) | K1: INNER (mm) | O1: in to mm
A2: name | B2: barcode | C2: sku id | D2: l | E2: w | F2: h | G2: l | H2: w | I2: h | J2: in PLM | K2: l | L2: w | M2: h | O2: 25.4
A3: Custom Black Mailer - 8.5 x 11.2 | B3: 002952080122M | C3: 2960 | D3: 9.75 | E3: 11 | F3: 3.5 | G3: 9.5 | H3: 10.5 | I3: 3.25 | J3: yes | K3: =ROUNDUP(G3*$O$2,0) -> 242 | L3: =ROUNDUP(H3*$O$2,0) -> 267 | M3: =ROUNDUP(I3*$O$2,0) -> 83
A4: Budget | B4: 001719080403 | C4: 3112 | D4: 8.5 | E4: 4.5 | F4: 3.25 | G4: 8.25 | H4: 4.25 | I4: 3 | J4: yes | K4: =ROUNDUP(G4*$O$2,0) -> 210 | L4: =ROUNDUP(H4*$O$2,0) -> 108 | M4: =ROUNDUP(I4*$O$2,0) -> 77
A5: ARDX | B5: 001704906025 | C5: 3162 | D5: 9.75 | E5: 6.75 | F5: 3 | G5: 9.5 | H5: 6.5 | I5: 2.75 | J5: yes | K5: =ROUNDUP(G5*$O$2,0) -> 242 | L5: =ROUNDUP(H5*$O$2,0) -> 166 | M5: =ROUNDUP(I5*$O$2,0) -> 70
A6: 4x3x1 | B6: 002262040301 | C6: 3253 | D6: 4.5 | E6: 3.25 | F6: 1.25 | G6: 4.25 | H6: 3 | I6: 1 | J6: yes | K6: =ROUNDUP(G6*$O$2,0) -> 108 | L6: =ROUNDUP(H6*$O$2,0) -> 77 | M6: =ROUNDUP(I6*$O$2,0) -> 26
A7: Cufflink Box | B7: C1720 | C7: 9563 | D7: 4.75 | E7: 4.5 | F7: 2.5 | G7: 4.5 | H7: 4.25 | I7: 2.25 | J7: yes | K7: =ROUNDUP(G7*$O$2,0) -> 115 | L7: =ROUNDUP(H7*$O$2,0) -> 108 | M7: =ROUNDUP(I7*$O$2,0) -> 58
A8: 12x9x3 | B8: 00293812009003 | C8: 9564 | D8: 12.5 | E8: 9.25 | F8: 3.5 | G8: 12.25 | H8: 9 | I8: 3.25 | J8: yes | K8: =ROUNDUP(G8*$O$2,0) -> 312 | L8: =ROUNDUP(H8*$O$2,0) -> 229 | M8: =ROUNDUP(I8*$O$2,0) -> 83
A9: 10x8x6 | B9: C36301086 | C9: 9565 | D9: 10.5 | E9: 8.5 | F9: 6.5 | G9: 10.25 | H9: 8.25 | I9: 6.25 | J9: yes | K9: =ROUNDUP(G9*$O$2,0) -> 261 | L9: =ROUNDUP(H9*$O$2,0) -> 210 | M9: =ROUNDUP(I9*$O$2,0) -> 159
A10: 16x8x4 | B10: 00294116008004 | C10: 9566 | D10: 16.5 | E10: 8.5 | F10: 4.5 | G10: 16.25 | H10: 8.25 | I10: 4.25 | J10: yes | K10: =ROUNDUP(G10*$O$2,0) -> 413 | L10: =ROUNDUP(H10*$O$2,0) -> 210 | M10: =ROUNDUP(I10*$O$2,0) -> 108
A11: 13x10x8 | B11: 00294213010008 | C11: 9567 | D11: 13.5 | E11: 10.5 | F11: 8.5 | G11: 13.25 | H11: 10.25 | I11: 8.25 | J11: yes | K11: =ROUNDUP(G11*$O$2,0) -> 337 | L11: =ROUNDUP(H11*$O$2,0) -> 261 | M11: =ROUNDUP(I11*$O$2,0) -> 210
A12: 20x16x4 | B12: 00297720016004 | C12: 9568 | D12: 20.5 | E12: 4.5 | F12: 16.75 | G12: 20 | H12: 4 | I12: 16.5 | J12: yes | K12: =ROUNDUP(G12*$O$2,0) -> 508 | L12: =ROUNDUP(H12*$O$2,0) -> 102 | M12: =ROUNDUP(I12*$O$2,0) -> 420
A13: 20x20x20 | B13: 00294920020020 | C13: 9569 | D13: 20.5 | E13: 20.5 | F13: 20.5 | G13: 20.25 | H13: 20.25 | I13: 20.25 | J13: yes | K13: =ROUNDUP(G13*$O$2,0) -> 515 | L13: =ROUNDUP(H13*$O$2,0) -> 515 | M13: =ROUNDUP(I13*$O$2,0) -> 515
A14: 17x12x10 | B14: C3629171210 | C14: 9570 | D14: 17.5 | E14: 12.5 | F14: 10.5 | G14: 17.25 | H14: 12.25 | I14: 10.25 | J14: yes | K14: =ROUNDUP(G14*$O$2,0) -> 439 | L14: =ROUNDUP(H14*$O$2,0) -> 312 | M14: =ROUNDUP(I14*$O$2,0) -> 261
... A19: #30-4 | B19: C12132 | C19: 12132 | D19: 27.5 | E19: 15 | F19: 4.5 | G19: 27.25 | H19: 14.75 | I19: 4.25 | J19: yes | K19: =ROUNDUP(G19*$O$2,0) -> 693 | L19: =ROUNDUP(H19*$O$2,0) -> 375 | M19: =ROUNDUP(I19*$O$2,0) -> 108
A20: C5287-A | B20: not in db?? | D20: 18.5 | E20: 11.5 | F20: 17.75 | G20: 18 | H20: 11.25 | I20: 17.5 | K20: =ROUNDUP(G20*$O$2,0) -> 458 | L20: =ROUNDUP(H20*$O$2,0) -> 286 | M20: =ROUNDUP(I20*$O$2,0) -> 445
A21: 20x20x14 - S-4350 | B21: not in db?? | D21: 20.25 | E21: 20.25 | F21: 14.5 | G21: 20 | H21: 20 | I21: 14.25 | K21: =ROUNDUP(G21*$O$2,0) -> 508 | L21: =ROUNDUP(H21*$O$2,0) -> 508 | M21: =ROUNDUP(I21*$O$2,0) -> 362

Sheet times 1.2
D1: OUTER * 1.2 (in) | H1: DIFFERENCE
A2: name | B2: barcode | C2: sku id | D2: l | E2: w | F2: h | H2: l | I2: w | J2: h
A3: Custom Black Mailer - 8.5 x 11.2 | B3: 002952080122M | C3: 2960 | D3: =data!D3*1.2 -> 11.7 | E3: =data!E3*1.2 -> 13.2 | F3: =data!F3*1.2 -> 4.2 | H3: =D3-data!D3 -> 1.95 | I3: =E3-data!E3 -> 2.2 | J3: =F3-data!F3 -> 0.7
A4: Budget | B4: 001719080403 | C4: 3112 | D4: =data!D4*1.2 -> 10.2 | E4: =data!E4*1.2 -> 5.4 | F4: =data!F4*1.2 -> 3.9 | H4: =D4-data!D4 -> 1.7 | I4: =E4-data!E4 -> 0.9 | J4: =F4-data!F4 -> 0.65
A5: ARDX | B5: 001704906025 | C5: 3162 | D5: =data!D5*1.2 -> 11.7 | E5: =data!E5*1.2 -> 8.1 | F5: =data!F5*1.2 -> 3.6 | H5: =D5-data!D5 -> 1.95 | I5: =E5-data!E5 -> 1.35 | J5: =F5-data!F5 -> 0.6
A6: 4x3x1 | B6: 002262040301 | C6: 3253 | D6: =data!D6*1.2 -> 5.4 | E6: =data!E6*1.2 -> 3.9 | F6: =data!F6*1.2 -> 1.5 | H6: =D6-data!D6 -> 0.9 | I6: =E6-data!E6 -> 0.65 | J6: =F6-data!F6 -> 0.25
A7: Cufflink Box | B7: C1720 | C7: 9563 | D7: =data!D7*1.2 -> 5.7 | E7: =data!E7*1.2 -> 5.4 | F7: =data!F7*1.2 -> 3 | H7: =D7-data!D7 -> 0.95 | I7: =E7-data!E7 -> 0.9 | J7: =F7-data!F7 -> 0.5
A8: 12x9x3 | B8: 00293812009003 | C8: 9564 | D8: =data!D8*1.2 -> 15 | E8: =data!E8*1.2 -> 11.1 | F8: =data!F8*1.2 -> 4.2 | H8: =D8-data!D8 -> 2.5 | I8: =E8-data!E8 -> 1.85 | J8: =F8-data!F8 -> 0.7
A9: 10x8x6 | B9: C36301086 | C9: 9565 | D9: =data!D9*1.2 -> 12.6 | E9: =data!E9*1.2 -> 10.2 | F9: =data!F9*1.2 -> 7.8 | H9: =D9-data!D9 -> 2.1 | I9: =E9-data!E9 -> 1.7 | J9: =F9-data!F9 -> 1.3
A10: 16x8x4 | B10: 00294116008004 | C10: 9566 | D10: =data!D10*1.2 -> 19.8 | E10: =data!E10*1.2 -> 10.2 | F10: =data!F10*1.2 -> 5.4 | H10: =D10-data!D10 -> 3.3 | I10: =E10-data!E10 -> 1.7 | J10: =F10-data!F10 -> 0.9
A11: 13x10x8 | B11: 00294213010008 | C11: 9567 | D11: =data!D11*1.2 -> 16.2 | E11: =data!E11*1.2 -> 12.6 | F11: =data!F11*1.2 -> 10.2 | H11: =D11-data!D11 -> 2.7 | I11: =E11-data!E11 -> 2.1 | J11: =F11-data!F11 -> 1.7
A12: 20x16x4 | B12: 00297720016004 | C12: 9568 | D12: =data!D12*1.2 -> 24.6 | E12: =data!E12*1.2 -> 5.4 | F12: =data!F12*1.2 -> 20.1 | H12: =D12-data!D12 -> 4.1 | I12: =E12-data!E12 -> 0.9 | J12: =F12-data!F12 -> 3.35
A13: 20x20x20 | B13: 00294920020020 | C13: 9569 | D13: =data!D13*1.2 -> 24.6 | E13: =data!E13*1.2 -> 24.6 | F13: =data!F13*1.2 -> 24.6 | H13: =D13-data!D13 -> 4.1 | I13: =E13-data!E13 -> 4.1 | J13: =F13-data!F13 -> 4.1
A14: 17x12x10 | B14: C3629171210 | C14: 9570 | D14: =data!D14*1.2 -> 21 | E14: =data!E14*1.2 -> 15 | F14: =data!F14*1.2 -> 12.6 | H14: =D14-data!D14 -> 3.5 | I14: =E14-data!E14 -> 2.5 | J14: =F14-data!F14 -> 2.1
... A19: #30-4 | B19: C12132 | C19: 12132 | D19: =data!D19*1.2 -> 33 | E19: =data!E19*1.2 -> 18 | F19: =data!F19*1.2 -> 5.4 | H19: =D19-data!D19 -> 5.5 | I19: =E19-data!E19 -> 3 | J19: =F19-data!F19 -> 0.9
A20: C5287-A | B20: not in db?? | D20: =data!D20*1.2 -> 22.2 | E20: =data!E20*1.2 -> 13.8 | F20: =data!F20*1.2 -> 21.3 | H20: =D20-data!D20 -> 3.7 | I20: =E20-data!E20 -> 2.3 | J20: =F20-data!F20 -> 3.55
A21: 20x20x14 - S-4350 | B21: not in db?? | D21: =data!D21*1.2 -> 24.3 | E21: =data!E21*1.2 -> 24.3 | F21: =data!F21*1.2 -> 17.4 | H21: =D21-data!D21 -> 4.05 | I21: =E21-data!E21 -> 4.05 | J21: =F21-data!F21 -> 2.9
C23: avg | D23: =AVERAGE(D3:D21) -> 18.742105 | E23: =AVERAGE(E3:E21) -> 12.647368 | F23: =AVERAGE(F3:F21) -> 10.515789 | G23: avg | H23: =AVERAGE(H3:H21) -> 3.1236842 | I23: =AVERAGE(I3:I21) -> 2.1078947 | J23: =AVERAGE(J3:J21) -> 1.7526316
C24: vol | D24: =PRODUCT(D23:F23) -> 2492.645 | G24: vol | H24: =PRODUCT(H23:J23) -> 11.540023
C25: cube side | D25: =D24^(1/3) -> 13.558765 | G25: cube side | H25: =H24^(1/3) -> 2.2597942
C26: dim weight | D26: =D24/139 -> 17.932698 | G26: dim weight | H26: =H24/139 -> 0.083021748
